"Reference","Qty","Value","DNP","Exclude from BOM","Exclude from Board","Footprint","Datasheet","LCSC"
"C1,C2,C3,C7,C9","5","10u","","","","Capacitor_SMD:C_0402_1005Metric","~","C15525"
"C4,C5","2","0.1u","","","","Capacitor_SMD:C_0402_1005Metric","~","C1525"
"C6,C15","2","1u","","","","Capacitor_SMD:C_0402_1005Metric","~","C52923"
"C8,C10,C13","3","0.1μF","","","","Capacitor_SMD:C_0402_1005Metric","~","C1525"
"D1","1","LED","","","","LED_SMD:LED_0603_1608Metric","~","C2290"
"J2","1","USB_C_Receptacle_USB2.0_16P","","","","cnhardware:USB_C_MOD_Receptacle_HRO_TYPE-C-31-M-12","https://www.usb.org/sites/default/files/documents/usb_type-c.zip","C2765186"
"J3","1","BAT/MX1.25","","","","Connector_Hirose:Hirose_DF13C_CL535-0402-2-51_1x02-1MP_P1.25mm_Vertical","~","C3029359"
"R1,R2,R3,R4,R5,R6","6","5.1k","","","","Resistor_SMD:R_0402_1005Metric","~","C25905"
"R8","1","NP","DNP","Excluded from BOM","","Resistor_SMD:R_0402_1005Metric","~",""
"R9,R11","2","22Ω","","","","cnhardware:R_0402_1005Metric_COMPACT","~","C25092"
"SW2","1","TS-1187A-B-A-B","","","","Button_Switch_SMD:SW_SPST_TL3342","~","C318884"
"TP1","1","INT2","","","","TestPoint:TestPoint_Pad_D1.0mm","~",""
"TP2","1","SWD","","","","TestPoint:TestPoint_Pad_D1.0mm","~",""
"TP3","1","SWCLK","","","","TestPoint:TestPoint_Pad_D1.0mm","~",""
"TP4,TP5,TP7","3","GND","","","","TestPoint:TestPoint_Pad_D1.0mm","~",""
"TP6","1","PA7","","","","TestPoint:TestPoint_Pad_D1.0mm","~",""
"TP8","1","VDD","","","","TestPoint:TestPoint_Pad_D1.0mm","~",""
"TP9","1","BATT","","","","TestPoint:TestPoint_Pad_D1.0mm","~",""
"U1","1","~","","","","cnhardware:DFN-6_1.2x1.0mm_P0.4mm","","C23380881"
"U2","1","AW32001ECSR","","","","cnhardware:WLCSP-9-P0.5mm","","C5125890"
"U3","1","QMC6309","","","","cnhardware:WLP-4_0.83x0.83mm_P0.4mm","","C5439871"
"U4","1","MG6229D4-28","","","","cnhardware:xdfn-reg","","C48678131"
"U5","1","~","","","","cnhardware:LGA-14_3x2.5mm_P0.5mm_LayoutBorder3x4y_EVEN_PADS","","C967633"
"U7","1","CH570Q","","","","Package_DFN_QFN:DFN-10-1EP_3x3mm_P0.5mm_EP1.7x2.5mm","","C49260680"
"Y2","1","32MHz","","","","Crystal:Crystal_SMD_2016-4Pin_2.0x1.6mm","~","C7294697"
