"Reference","Qty","Value","DNP","Exclude from BOM","Exclude from Board","Footprint","Datasheet","LCSC"
"C1,C2,C4,C5,C6,C7","6","1u","","","","Resistor_SMD:R_0402_1005Metric","~","C52923"
"J1","1","SAO","","","","Connector_PinHeader_2.54mm:PinHeader_2x03_P2.54mm_Vertical_SMD","~",""
"R1,R2","2","5.1k","","","","Resistor_SMD:R_0402_1005Metric","~","C25905"
"SW1,SW2","2","TS-1187A-B-A-B","","","","Button_Switch_SMD:SW_SPST_TL3342","~","C318884"
"TP2","1","V5TP","","Excluded from BOM","","TestPoint:TestPoint_Pad_D1.0mm","~",""
"U1","1","~","","Excluded from BOM","","cnhardware:P0.65mm_16_pin_OLED_FLEX_CONTACT","",""
"U2","1","CH570Q","","","","Package_DFN_QFN:DFN-10-1EP_3x3mm_P0.5mm_EP1.7x2.5mm","","C49260680"
"Y1","1","32MHz","","","","Crystal:Crystal_SMD_2016-4Pin_2.0x1.6mm","~","C7294697"
