"Reference","Qty","Value","DNP","Exclude from BOM","Exclude from Board","Footprint","Datasheet","LCSC"
"C1,C2,C19","3","4.7uF","","","","Resistor_SMD:R_0603_1608Metric","","C19666"
"C3,C8,C9,C18","4","1u","","","","Capacitor_SMD:C_0402_1005Metric","","C52923"
"C4,C5,C6,C7,C12,C13,C14,C15,C16,C17,C22,C23,C24","13","10nF","","","","Capacitor_SMD:C_0402_1005Metric","","C15195"
"C10,C11,C20,C21","4","33pF","","","","Capacitor_SMD:C_0402_1005Metric","","C1562"
"J1","1","J20-C-V-C-1-SMT-TR-USB-VERTICAL","","","","cnhardware:J20-C-V-C-1-SMT-TR-USB-VERTICAL","https://www.usb.org/sites/default/files/documents/usb_type-c.zip","NA"
"J2","1","RFIND","","","","Connector_Coaxial:SMA_Amphenol_901-144_Vertical","","C5301852"
"J3","1","RFINB","","","","Connector_Coaxial:SMA_Amphenol_901-144_Vertical","","C5301852"
"J4","1","RFOUTD","","","","Connector_Coaxial:SMA_Amphenol_901-144_Vertical","","C5301852"
"J5","1","RFOUTB","","","","Connector_Coaxial:SMA_Amphenol_901-144_Vertical","","C5301852"
"J6","1","RFINC","","","","Connector_Coaxial:SMA_Amphenol_901-144_Vertical","","C5301852"
"J7","1","RFINA","","","","Connector_Coaxial:SMA_Amphenol_901-144_Vertical","","C5301852"
"J8","1","RFOUTC","","","","Connector_Coaxial:SMA_Amphenol_901-144_Vertical","","C5301852"
"J9","1","RFOUTA","","","","Connector_Coaxial:SMA_Amphenol_901-144_Vertical","","C5301852"
"J10","1","PGM","","","","Connector_PinHeader_2.54mm:PinHeader_1x03_P2.54mm_Vertical","",""
"L1,L2,L3,L4,L5,L6,L7,L8","8","100nH","","","","Inductor_SMD:L_0402_1005Metric","","C22726"
"Q1,Q2,Q3,Q4,Q5,Q6,Q7,Q8","8","2301","","","","Package_TO_SOT_SMD:SOT-23","","C41384537"
"R1,R3,R6,R7,R12,R13","6","5.1k","","","","Resistor_SMD:R_0402_1005Metric","","C25905"
"R2","1","1.5k","","","","Resistor_SMD:R_0402_1005Metric","","C25867"
"R4,R5,R8,R9,R10,R11,R14,R15","8","1k","","","","Resistor_SMD:R_0402_1005Metric","","C11702"
"U1,U2","2","WL2808E","","","","Package_TO_SOT_SMD:SOT-23-5","http://ww1.microchip.com/downloads/en/DeviceDoc/22053C.pdf","C2931312"
"U3","1","CH32V003F4U6","","","","Package_DFN_QFN:QFN-20-1EP_3x3mm_P0.4mm_EP1.65x1.65mm","","C5299908"
"U4,U5,U6,U7","4","BGB707L7ESD-LNA","","","","cnhardware:TSLP-7-1","","C3199311"
