Comment,Designator,Footprint,LCSC
"4.7u","C3,C4","Resistor_SMD:R_0402_1005Metric","C368809"
"USB_C_Receptacle_USB2.0","J1","Connector_USB:USB_C_Receptacle_HRO_TYPE-C-31-M-12","C2765186"
"APPLE","J2","artwork:apple",""
"~","J3,J4,J5","TestPoint:TestPoint_Pad_1.0x1.0mm",""
"5.1k","R1,R2","Resistor_SMD:R_0402_1005Metric","C25905"
"1.5k","R3,R4,R5,R6","Resistor_SMD:R_0402_1005Metric","C25867"
"3.3vReg","U1","cnhardware:xdfn-reg","C379350"
"25WQ32","U2","cnhardware:USON8-LINE(2x3)","C5258281"
"CH32V003F4U6","U3","Package_DFN_QFN:QFN-20-1EP_3x3mm_P0.4mm_EP1.65x1.65mm","C5299908"