"Reference","Value","Datasheet","Footprint","Qty","DNP","LCSC"
"C1,C3,C8,C12,C16,C21,C32","4.7u","~","Capacitor_SMD:C_0402_1005Metric","7","","C368809"
"C2,C26","1u","~","Capacitor_SMD:C_0402_1005Metric","2","","C52923"
"C4,C9,C10,C11,C13,C14,C15,C17,C18,C19,C25,C33,C37,C38","0.1u","~","Capacitor_SMD:C_0402_1005Metric","14","","C1525"
"C7,C20,C24","10n","~","Capacitor_SMD:C_0402_1005Metric","3","","C15195"
"C29,C30","25v10u","~","Capacitor_SMD:C_0805_2012Metric","2","","C15850"
"C31","22n","~","Capacitor_SMD:C_0402_1005Metric","1","","C1532"
"C34,C35","2.2u100v","~","Capacitor_SMD:C_1206_3216Metric","2","","C920964"
"C36","100v100n","~","Capacitor_SMD:C_0805_2012Metric","1","","C28233"
"D1","USBLC6-2P6-TVS","","Package_TO_SOT_SMD:SOT-666","1","","C2827693"
"D2,D5,D9","~","~","Diode_SMD:D_SOD-323","3","","C2128"
"D3,D4","RMBF","http://www.vishay.com/docs/88705/rmbs.pdf","Package_TO_SOT_SMD:TO-269AA","2","","C7450442"
"D6,D7","~","~","Diode_SMD:D_SOD-123F","2","","C122863"
"D8","WS2812B-2020","https://cdn-shop.adafruit.com/product-files/4684/4684_WS2812B-2020_V1.3_EN.pdf","LED_SMD:LED_WS2812B-2020_PLCC4_2.0x2.0mm","1","","C3646929"
"J1","USB_C_Receptacle_USB2.0","https://www.usb.org/sites/default/files/documents/usb_type-c.zip","Connector_USB:USB_C_Receptacle_HRO_TYPE-C-31-M-12","1","","C709358"
"J2","PGM","~","Connector_PinHeader_2.54mm:PinHeader_1x06_P2.54mm_Vertical","1","","C37208"
"J3","R-RJ45R08P-C000","~","cnhardware:R-RJ45R08P-C000","1","","C386757"
"J4,J5","AUX","~","Connector_PinHeader_2.54mm:PinHeader_2x10_P2.54mm_Vertical","2","","C7501280"
"J10","Barrel","~","Connector_BarrelJack:BarrelJack_GCT_DCJ200-10-A_Horizontal","1","","C136744"
"J11","USBBYPASS","~","Connector_PinHeader_2.54mm:PinHeader_1x02_P2.54mm_Vertical","1","","C492401"
"L1","2.2uH 1.6A","~","Inductor_SMD:L_Taiyo-Yuden_MD-3030","1","","C19734"
"L2","6.8uH 2A","~","Inductor_SMD:L_Taiyo-Yuden_MD-4040","1","","C97036"
"R1,R2,R25","22","~","Resistor_SMD:R_0402_1005Metric","3","","C25092"
"R3,R4,R11","5.1k","~","Resistor_SMD:R_0402_1005Metric","3","","C258132"
"R5,R24","25k","~","Resistor_SMD:R_0402_1005Metric","2","","C25874"
"R6,R26,R29","2.49k 1%","~","Resistor_SMD:R_0402_1005Metric","3","","C145071"
"R7,R20,R21,R28","0","~","Resistor_SMD:R_0402_1005Metric","4","","C17168"
"R8,R9","1k","~","Resistor_SMD:R_0402_1005Metric","2","","C11702"
"R10,R17,R18,R33","4.7k","~","Resistor_SMD:R_0402_1005Metric","4","","C25900"
"R22,R23","390k","~","Resistor_SMD:R_0402_1005Metric","2","","C162853"
"R27","10k","~","Resistor_SMD:R_0402_1005Metric","1","","C25744"
"R30","18k 1%","~","Resistor_SMD:R_0402_1005Metric","1","","C138044"
"T1","~","","cnhardware:TNK-TSA021-POE-TRANSFORMER","1","","C465987"
"U1","RTL8211E-VB-CG","","Package_DFN_QFN:QFN-48-1EP_6x6mm_P0.4mm_EP4.3x4.3mm","1","","C90735"
"U2","~","","cnhardware:QFN-68-0.2mmpads-1EP_8x8mm_P0.4mm_EP6.4x6.4mm","1","","C5142795"
"U3,U5","3.3vReg","https://www.onsemi.com/pub/Collateral/NCP115-D.PDF","cnhardware:xdfn-reg","2","","C3011523"
"U4","~","","Transformer_SMD:Transformer_Ethernet_YDS_30F-51NL_SO-24_7.1x15.1mm","1","","C2837258"
"U6","LM5160ADNTR","","Package_DFN_QFN:DFN-12-1EP_4x4mm_P0.5mm_EP2.66x3.38mm","1","","C473375"
"U7","MT2492","","Package_TO_SOT_SMD:SOT-23-6","1","","C89358"
"Y2","8MHz12pF","~","Crystal:Crystal_SMD_3225-4Pin_3.2x2.5mm","1","","C403948"
