"Reference","Qty","Value","DNP","Exclude from BOM","Exclude from Board","Footprint","Datasheet","LCSC"
"BT1","1","Battery","","","","Swadge_Parts:2460","https://www.keyelco.com/userAssets/file/M65p28.pdf","~"
"C1,C4,C5,C12,C15,C16,C23,C24,C26,C27,C28,C30,C31,C32,C33,C34,C35","17","1μF","","","","Capacitor_SMD:C_0402_1005Metric","~","C52923"
"C2,C7","2","100nF","","","","Capacitor_SMD:C_0402_1005Metric","~","C1525"
"C3,C6,C8,C10,C11,C13,C14,C17,C18,C19,C20,C21,C25,C29","14","10μF","","","","Capacitor_SMD:C_0603_1608Metric","~","C19702"
"C9,C22","2","4.7nF","","","","cnhardware:R_0402_1005Metric_COMPACT","~","C1538"
"D1,D2,D3,D4,D5,D6,D7","7","SK6812-SIDE-A","","","","cnhardware:LC8812-3210_XL-3210RGBC","https://datasheet.lcsc.com/lcsc/2108251530_OPSCO-Optoelectronics-SK6812SIDE-A-RVS_C2890037.pdf","C41413182"
"D11","1","SP0503BAHT","","","","Swadge_Parts:SOT-143","https://datasheet.lcsc.com/lcsc/2108132030_TECH-PUBLIC-TPSP0503BAHTG_C2682275.pdf","C2682275"
"J1","1","SAO","","","","Swadge_Parts:PinHeader_2x03_P2.54mm_Vertical","https://datasheet.lcsc.com/lcsc/2004241810_CONNFLY-Elec-DS1023-2-3SF11_C92272.pdf","C92272"
"J2","1","PJ-307C","","","","Swadge_Parts:PJ-307C","https://datasheet.lcsc.com/lcsc/1811040611_BOOMELE-Boom-Precision-Elec-PJ-307C_C16684.pdf","C16684"
"J3","1","RB130-2864KSWXG22","","","","cnhardware:FPC-16-P0.50mm-HC-FPC-05-09-16RLTAG-TOP-AND-BOTTOM","~","C5213753"
"J4,J5,J6,J7","4","MOUNT","","","","cnhardware:SMTSO20xx","~","C2916318"
"L1,L2,L3,L4,L5","5","10uH","","","","Inductor_SMD:L_0603_1608Metric","~","C307750"
"MK1","1","56db","","","","Swadge_Parts:INGHAi_MIC_GMI4013S-2C58DB","https://www.lcsc.com/datasheet/C529869.pdf","C529869"
"P1","1","USB_C_Plug_USB2.0","","","","Swadge_Parts:USB_C_Receptacle_HRO_TYPE-C-31-M-12","https://datasheet.lcsc.com/lcsc/2108131730_Korean-Hroparts-Elec-TYPE-C-31-M-12_C165948.pdf","C2765186"
"Q1,Q2","2","PMOS","","","","Swadge_Parts:SOT-23","~","C10487"
"R1,R7,R8,R9,R10,R11,R12,R27,R28","9","5.1kΩ","","","","cnhardware:R_0402_1005Metric_COMPACT","~","C25905"
"R2,R3,R6,R13,R14","5","33Ω","","","","cnhardware:R_0402_1005Metric_COMPACT","~","C25105"
"R4,R5","2","1MΩ","","","","cnhardware:R_0402_1005Metric_COMPACT","~","C26083"
"R15","1","OLEDSHUNT","","","","cnhardware:R_0402_1005Metric_COMPACT","~","C17168"
"R16","1","560kΩ","","","","cnhardware:R_0402_1005Metric_COMPACT","~","C132339"
"SW1,SW2,SW3,SW4,SW5,SW6,SW7","7","SILICONE","","","","cnhardware:BTC007_Button_Silicone","~",""
"TP1","1","BATT","","","","TestPoint:TestPoint_Pad_D1.0mm","~",""
"TP2","1","VDCID","","","","TestPoint:TestPoint_Pad_D1.0mm","~",""
"TP3","1","OLEDVDD","","","","TestPoint:TestPoint_Pad_D1.0mm","~",""
"TP4","1","GND","","","","TestPoint:TestPoint_Pad_D1.0mm","~",""
"U1","1","~","","","","cnhardware:QFN-48-WCH-VARIANT-CH584-CH585-1EP_5x5mm_P0.35mm_EP3.7x3.7mm","","C42381470"
"U2","1","SM5701_2.2V","","","","Package_TO_SOT_SMD:SOT-23","","C5345596"
"U3","1","XC6206PxxxMR","","","","Package_TO_SOT_SMD:SOT-23-3","https://www.torexsemi.com/file/xc6206/XC6206.pdf","C5446"
"U4","1","XT1861B332MR-G","","","","Package_TO_SOT_SMD:SOT-23","","C236396"
"U6","1","LSM6DSL","","","","Swadge_Parts:LGA-14_3x2.5mm_P0.5mm_LayoutBorder3x4y","https://datasheet.lcsc.com/lcsc/2102261805_STMicroelectronics-LSM6DS3TR-C_C967633.pdf","C967633"
"Y1","1","32MHz","","","","Crystal:Crystal_SMD_2016-4Pin_2.0x1.6mm","~","C2965584"
"Y2","1","32.768kHz","","","","Crystal:Crystal_SMD_3215-2Pin_3.2x1.5mm","~","C7294751"
