Comment,Designator,Footprint,LCSC
"ANT","A1","Resistor_SMD:R_1206_3216Metric","C127629"
"10p","C1,C14,C15,C17,C21,C23,C24","Capacitor_SMD:C_0402_1005Metric","C106199"
"2.2p","C2,C3","Capacitor_SMD:C_0402_1005Metric","C1559"
"1u","C4,C5,C8,C9,C10,C11,C13,C16,C26","Capacitor_SMD:C_0402_1005Metric","C106254"
"10u","C6,C12,C25","Capacitor_SMD:C_0603_1608Metric","C18800"
"100n","C7,C18,C22","Capacitor_SMD:C_0402_1005Metric","C307331"
"LED_RAGB","D1","LED_SMD:LED_WS2812B-2020_PLCC4_2.0x2.0mm","C965840"
"1N5819WS","D2","Diode_SMD:D_SOD-323","C191023"
"USBLC6-2P6-TVS","D4","Package_TO_SOT_SMD:SOT-666","C2827693"
"artwork","G1","artwork:Tentacle1-Astronautilus",""
"artwork","G2","artwork:Tentacle2-Astronautilus",""
"artwork","G3","artwork:BoatOnWaterLarge-Astronautilus",""
"artwork","G4","artwork:Tentacle4-Astronautilus",""
"artwork","G5","artwork:TentacleLargeFlip-Astronautilus",""
"artwork","G6","artwork:TentacleLarge-Astronautilus",""
"OPGM","J1","Connector_PinHeader_2.54mm:PinHeader_2x05_P2.54mm_Horizontal","C239336"
"PGM","J2","Connector_PinHeader_2.54mm:PinHeader_1x04_P2.54mm_Vertical","NP"
"USB_C_Receptacle_USB2.0","J3","Connector_USB:USB_C_Receptacle_HRO_TYPE-C-31-M-12","C2765186"
"MOUNT","J4,J5","MountingHole:MountingHole_2.2mm_M2_DIN965_Pad",""
"6.8nH","L1","Inductor_SMD:L_0402_1005Metric","C77110"
"4.7u500mA","L2","Inductor_SMD:L_0805_2012Metric","C63166"
"SE4625-PandN","Q1,Q2","cnhardware:DFN-6-2x2-SplitPad","C730094"
"2N7002","Q4","Package_TO_SOT_SMD:SOT-23","C8545"
"10k","R1,R2,R3,R4,R7,R8,R30","Resistor_SMD:R_0402_1005Metric","C144807"
"510","R13,R14,R15,R16","Resistor_SMD:R_0402_1005Metric","C25123"
"2.2k","R17,R18,R24","Resistor_SMD:R_0402_1005Metric","C25879"
"15k","R19,R21","Resistor_SMD:R_0402_1005Metric","C25756"
"12k","R23","Resistor_SMD:R_0402_1005Metric","C25752"
"5.1k","R5,R6,R11,R12,R20,R22","Resistor_SMD:R_0402_1005Metric","C105872"
"22","R9,R10","Resistor_SMD:R_0402_1005Metric","C25092"
"TS-1187A-B-A-B","SW1","Button_Switch_SMD:SW_SPST_TL3342","C318884"
"ESP32-S2","U1","cnhardware:ESP32S2","C2840995"
"XC6206P332","U2,U4,U6","Package_TO_SOT_SMD:SOT-23","C5446"
"MT3608","U3","Package_TO_SOT_SMD:SOT-23-6","C84817"
"COSNE5532","U5","Package_SO:MSOP-8_3x3mm_P0.65mm","C2685366"
"AT8837","U9,U14","Package_DFN_QFN:DFN-8-1EP_2x2mm_P0.45mm_EP0.64x1.38mm","C2901459"
"40MHz","Y1","Crystal:Crystal_SMD_2016-4Pin_2.0x1.6mm","C648970"