"Reference","Qty","Value","DNP","Exclude from BOM","Exclude from Board","Footprint","Datasheet","LCSC"
"C1","1","1u","","","","Resistor_SMD:R_0402_1005Metric","~","C52923"
"D0,D1,D2,D3,D4,D5,D6,D7,D8,D9,D10,D11,D12,D13,D14,D15,D16,D17,D18,D19,D20,D21,D22,D23,D24,D25,D26,D27,D28,D29,D30,D31,D32,D33,D34,D35,D36,D37,D38,D39,D40,D41,D42,D43,D44,D45,D46,D47,D48,D49,D50,D51,D52,D53,D54,D55,D56,D57,D58,D59,D60,D61,D62,D63,D64,D65,D66,D67,D68,D69,D70,D71","72","LED_45deg","","","","LED_SMD:LED_0603_1608Metric","~","C2977076"
"J1","1","SAO","","","","Connector_PinHeader_2.54mm:PinHeader_2x03_P2.54mm_Vertical_SMD","~",""
"R1,R2,R3,R4,R5,R6,R7,R8","8","22","","","","Resistor_SMD:R_0402_1005Metric","~","C25092"
"U1","1","CH32V003F4U6","","","","Package_DFN_QFN:QFN-20-1EP_3x3mm_P0.4mm_EP1.65x1.65mm","","C5299908"
