"Reference","Value","Datasheet","Footprint","Qty","DNP","LCSC"
"C1,C2,C3,C4,C5","1u","~","Capacitor_SMD:C_0402_1005Metric","5","","C15849"
"D1,D2,D3,D4,D5,D6","XL-1010RGBC-WS2812B","","cnhardware:XL-1010RGBC-WS812B","6","","C5349953"
"D7","LED","~","LED_SMD:LED_0402_1005Metric","1","","C74342"
"J1,J3","~","~","Custom:PinHeader_2x10_P2.54mm_Vertical","2","","C124359"
"J2","PGM","~","Custom:PinHeader_1x05_P2.54mm_Vertical","1","","C358687"
"J4","USB_C_Receptacle_USB2.0","https://www.usb.org/sites/default/files/documents/usb_type-c.zip","Connector_USB:USB_C_Receptacle_HRO_TYPE-C-31-M-12","1","","C709358"
"R1,R2","33","~","Resistor_SMD:R_0402_1005Metric","2","","C25105"
"R3,R4","5.1k","~","Resistor_SMD:R_0402_1005Metric","2","","C25905"
"R5","1.5k 1%","~","Resistor_SMD:R_0402_1005Metric","1","","C25867"
"R6","1.5k","~","Resistor_SMD:R_0402_1005Metric","1","","C25867"
"R7","0","~","Resistor_SMD:R_0402_1005Metric","1",""," C17168"
"SW1","BOOT","~","cnhardware:TS-1187A-B-A-B-TACTILE","1","","C318884"
"U1","CH32V003F4U6","","Package_DFN_QFN:QFN-20-1EP_3x3mm_P0.4mm_EP1.65x1.65mm","1","","C5299908"
"U3","XC6206P332","","Package_TO_SOT_SMD:SOT-23","1","","C5446"
