Comment,Designator,Footprint,LCSC
"front","A1","art:Front",""
"back","A2","art:Back",""
"heart","A3","art:Heart",""
"1u","C1,C2,C3,C4","Capacitor_SMD:C_0402_1005Metric","C237173"
"WS2816C-2121","D1,D2,D3,D4,D5,D6","WS2816-2121:WS2816-2121","C965561"
"LED","D7","LED_SMD:LED_0402_1005Metric","C74342"
"NP","D8","LED_SMD:LED_0402_1005Metric","NP"
"~","J1,J3","Custom:PinHeader_2x10_P2.54mm_Vertical","C124359"
"PGM","J2","Custom:PinHeader_1x05_P2.54mm_Vertical","C358687"
"USB_C_Receptacle_USB2.0","J4","Connector_USB:USB_C_Receptacle_HRO_TYPE-C-31-M-12","C709358"
"HOLE","J5,J6","MountingHole:MountingHole_2.2mm_M2_DIN965_Pad",""
"NP","R1,R2,R5,R7","Resistor_SMD:R_0402_1005Metric",""
"5.1k","R3,R4","Resistor_SMD:R_0402_1005Metric","C258132"
"1.5k","R6","Resistor_SMD:R_0402_1005Metric","C25867"
"CH32V003F4U6","U1","Package_DFN_QFN:QFN-20-1EP_3x3mm_P0.4mm_EP1.65x1.65mm","C5299908"
"3.3vReg","U2","xdfn_reg:xdfn-reg","C81114"