"Reference","Value","Datasheet","Footprint","Qty","DNP","LCSC"
"C2","1u","~","Resistor_SMD:R_0402_1005Metric","1","","C52923"
"C3","4.7u","~","Resistor_SMD:R_0402_1005Metric","1","","C23733"
"J1","USB_C_Receptacle_USB2.0","https://www.usb.org/sites/default/files/documents/usb_type-c.zip","cnhardware:USB_C_PADDLE","1","","~"
"J2","PGM","~","Connector_PinHeader_2.54mm:PinHeader_1x03_P2.54mm_Vertical","1","",""
"J3","LCD","~","cnhardware:TINY_LCD_2_DIGIT","1","",""
"R1,R2","5.1k","~","Resistor_SMD:R_0402_1005Metric","2","","C25905"
"R3","1.5k","~","Resistor_SMD:R_0402_1005Metric","1","","C25867"
"U1","CH32V003F4U6","","Package_DFN_QFN:QFN-20-1EP_3x3mm_P0.4mm_EP1.65x1.65mm","1","","C5299908"
"U2","XC6206P332MR-G","http://www.ti.com/lit/ds/symlink/lm1117.pdf","Package_TO_SOT_SMD:SOT-23","1","DNP","C5446"
