"Reference","Value","Datasheet","Footprint","Qty","DNP","LCSC"
"C1,C2,C4,C5,C6,C11","4.7u10v","~","Capacitor_SMD:C_0402_1005Metric","6","","C23733"
"C3,C7","100n","~","Capacitor_SMD:C_0402_1005Metric","2","","C1525"
"D3,D4","D","~","Diode_SMD:D_SOD-323","2","","C191023"
"J1","OLED","~","fpc:AFC42-S08FMA-1H","1","","C466530"
"J2","USB_C_Receptacle_USB2.0","https://www.usb.org/sites/default/files/documents/usb_type-c.zip","Connector_USB:USB_C_Receptacle_HRO_TYPE-C-31-M-12","1","","C2765186"
"J12","Micro_SD_Card_Det1","https://datasheet.lcsc.com/lcsc/2110151630_XKB-Connectivity-XKTF-015-N_C381082.pdf","cnhardware:MicroSD-C393941-SHOU-HAN-TF-PUSH-TINY","1","","C22383473"
"R1","390k","~","Resistor_SMD:R_0402_1005Metric","1","","C25782"
"R2,R3","5.1k","~","Resistor_SMD:R_0402_1005Metric","2","","C105872"
"R4","1.5k","~","Resistor_SMD:R_0402_1005Metric","1","","C25867"
"R5,R6","120","~","Resistor_SMD:R_0402_1005Metric","2","","C25079"
"U1","CH32V006F8U6","","Package_DFN_QFN:QFN-20-1EP_3x3mm_P0.4mm_EP1.65x1.65mm","1","","C42431288"
"U3","XC6206PxxxMR","https://www.torexsemi.com/file/xc6206/XC6206.pdf","Package_TO_SOT_SMD:SOT-23-3","1","","C5446"
