Comment,Designator,Footprint,LCSC
"1u","C1,C7,C9","Resistor_SMD:R_0402_1005Metric","C52923"
"4.7u","C2,C5,C8","Resistor_SMD:R_0402_1005Metric","C368809"
"2.2uF 16V","C3","Resistor_SMD:R_0402_1005Metric","C668369"
"LED","D1,D2","LED_SMD:LED_0402_1005Metric","C74339"
"USB_C_Receptacle_USB2.0","J1","Connector_USB:USB_C_Receptacle_HRO_TYPE-C-31-M-12","C2765186"
"PGM","J2","Connector_PinHeader_2.54mm:PinHeader_1x03_P2.54mm_Vertical",""
"APPLE","J3","artwork:apple",""
"1.5k","R1","Resistor_SMD:R_0402_1005Metric","C25867"
"390k","R11","Resistor_SMD:R_0402_1005Metric","C163467"
"0","R12","Resistor_SMD:R_0402_1005Metric","C17168"
"5.1k","R2,R3,R8,R10","Resistor_SMD:R_0402_1005Metric","C25905"
"10","R4,R5","Resistor_SMD:R_0402_1005Metric","C25077"
"CH32V003F4U6","U1","Package_DFN_QFN:QFN-20-1EP_3x3mm_P0.4mm_EP1.65x1.65mm","C5299908"
"3.3vReg","U2","cnhardware:xdfn-reg","C379350"
"25WQ32","U3","","NP_C5258281"
"OLED-RB0066E2801A-64x48-FULL","U4","cnhardware:OLED-RB0066E2801A-64x48-FULL",""