Comment,Designator,Footprint,LCSC
"4.7u","C1,C5","Capacitor_SMD:C_0402_1005Metric","C368809"
"0.1u","C2,C4","Capacitor_SMD:C_0402_1005Metric","C1525"
"WS2812B-2020","D1","LED_SMD:LED_WS2812B-2020_PLCC4_2.0x2.0mm","C3646929"
"USBLC6-2P6-TVS","D2","Package_TO_SOT_SMD:SOT-666","C2827693"
"BPW34-SMD","D3","OptoDevice:Osram_BPW34S-SMD","C18164732"
"USB_C_Receptacle_USB2.0","J1","cnhardware:USB_C_2.5","C709358"
"PGM","J2","Connector_PinHeader_2.54mm:PinHeader_1x05_P2.54mm_Vertical","C18905846"
"RND","J3","Connector_PinHeader_2.54mm:PinHeader_2x08_P2.54mm_Vertical","C5156679"
"JMP-PD","J4","Connector_PinHeader_2.54mm:PinHeader_1x02_P2.54mm_Vertical","C18078199"
"5.1k","R1,R4","Resistor_SMD:R_0402_1005Metric","C258132"
"22","R2,R3","Resistor_SMD:R_0402_1005Metric","C25092"
"390k","R5","Resistor_SMD:R_0402_1005Metric","C162853"
"KEY","SW1,SW2,SW3,SW4,SW5,SW6,SW7,SW8","Button_Switch_Keyboard:SW_Cherry_MX_1.00u_Plate","C404353"
"CH32V305FBP6","U1","Package_SO:SOIC-20W_7.5x12.8mm_P1.27mm","C5123443"
"3.3vReg","U3","cnhardware:xdfn-reg","C81114"
"8MHz12pF","Y1","Crystal:Crystal_SMD_3225-4Pin_3.2x2.5mm","C403948"