"Reference","Value","Datasheet","Footprint","Qty","DNP","LCSC"
"C1,C2,C3,C6","1u","~","Capacitor_SMD:C_0805_2012Metric","4","","C28323"
"C4,C11,C13,C14,C15","-- mixed values --","~","Capacitor_SMD:C_0402_1005Metric","5","","C72203"
"C5","4.7u16v","~","Capacitor_SMD:C_0603_1608Metric","1","","C77045"
"C7,C8,C12","100n","~","Capacitor_SMD:C_0402_1005Metric","3","","C1525"
"C9,C10","2.2p","~","Capacitor_SMD:C_0402_1005Metric","2","","C1559"
"J9,J11","-- mixed values --","~","-- mixed values --","2","",""
"R1","1M","~","Resistor_SMD:R_0402_1005Metric","1","","C26083"
"R2,R3,R6,R7","5.1k","~","Resistor_SMD:R_0402_1005Metric","4","","C105872"
"R4","1.5k","~","Resistor_SMD:R_0402_1005Metric","1","","C25867"
"R5","0","~","Resistor_SMD:R_0402_1005Metric","1","","C17168"
"U1","CH32V006F8U6","","Package_DFN_QFN:QFN-20-1EP_3x3mm_P0.4mm_EP1.65x1.65mm","1","","C42431288"
"U2","XC6206P332","~","Package_TO_SOT_SMD:SOT-23","1","","C5446"
"Y1","24MHz","~","Crystal:Crystal_SMD_2016-4Pin_2.0x1.6mm","1","","C2929397"
