Comment,Designator,Footprint,LCSC
"2.2u16v","C1,C5","Capacitor_SMD:C_0402_1005Metric","C72203"
"4.7u16v","C2,C6","Capacitor_SMD:C_0603_1608Metric","C77045"
"100n","C3,C7,C8","Capacitor_SMD:C_0402_1005Metric","C1525"
"4.7u16v","C4","Capacitor_SMD:C_0402_1005Metric","C72203"
"2.2p","C9,C10","Capacitor_SMD:C_0402_1005Metric","C1559"
"OLED","J1","fpc:AFC42-S08FMA-1H","C466530"
"USB_C_Receptacle_USB2.0","J2","Connector_USB:USB_C_Receptacle_HRO_TYPE-C-31-M-12","C2765186"
"PG","J3","TestPoint:TestPoint_Pad_D1.0mm",""
"3v3","J4","TestPoint:TestPoint_Pad_D1.0mm",""
"GND","J5","TestPoint:TestPoint_Pad_D1.0mm",""
"RFO","J6","TestPoint:TestPoint_Pad_D1.0mm",""
"RFA","J7","TestPoint:TestPoint_Pad_D1.0mm",""
"APPLE","J8","artwork:apple",""
"390k","R1","Resistor_SMD:R_0402_1005Metric","C25782"
"5.1k","R2,R3","Resistor_SMD:R_0402_1005Metric","C105872"
"1.5k","R4","Resistor_SMD:R_0402_1005Metric","C25867"
"CH32V006F8U6","U1","Package_DFN_QFN:QFN-20-1EP_3x3mm_P0.4mm_EP1.65x1.65mm",""
"XC6206P332","U2","Package_TO_SOT_SMD:SOT-23","C5446"
"24MHz","Y1","Crystal:Crystal_SMD_2016-4Pin_2.0x1.6mm","C2929397"