Comment,Designator,Footprint,LCSC
"1u","C2","Resistor_SMD:R_0402_1005Metric","C52923"
"4.7u","C3","Resistor_SMD:R_0402_1005Metric","C368809"
"PGM","J2","Connector_PinHeader_2.54mm:PinHeader_1x03_P2.54mm_Vertical",""
"LCD","J3","cnhardware:TINY_LCD_2_DIGIT",""
"5.1k","R1,R2","Resistor_SMD:R_0402_1005Metric","C25905"
"1.5k","R3","Resistor_SMD:R_0402_1005Metric","C25867"
"CH32V003F4U6","U1","Package_DFN_QFN:QFN-20-1EP_3x3mm_P0.4mm_EP1.65x1.65mm","C5299908"
"XC6206P332MR-G","U2","Package_TO_SOT_SMD:SOT-23","C5446"
