"Reference","Value","Datasheet","Footprint","Qty","DNP","LCSC"
"C1,C2,C3,C4","22u","~","Capacitor_SMD:C_1206_3216Metric","4","","C12891"
"C5,C6","10u","~","Capacitor_SMD:C_0805_2012Metric","2","","C440198"
"D2,D3,D5,D7","1A","~","Diode_SMD:D_SOD-323","4","","C191023"
"L1,L2,L3,L4","2.2uH","~","Inductor_SMD:L_1008_2520Metric","4","","C5832372"
"Q1,Q2,Q3,Q4","Q_NMOS_GSD","~","Package_TO_SOT_SMD:SOT-23","4","","C20917"
"R1,R2,R3,R4","100m","~","Resistor_SMD:R_1206_3216Metric","4","","C25334"
"R5,R6,R7,R8","10k","~","Resistor_SMD:R_0805_2012Metric","4","","C17414"
"R9","120","~","Resistor_SMD:R_0805_2012Metric","1","","C17437"
"U2","CH32V003FxPx","https://www.wch-ic.com/products/CH32V003.html","Package_SO:TSSOP-20_4.4x6.5mm_P0.65mm","1","","C5187096"
