"Reference","Value","Datasheet","Footprint","Qty","DNP","LCSC"
"BT1","Battery_Cell","~","cnhardware:CR2450-TWOPAD","1","","C964809"
"C1,C3","1u","~","Capacitor_SMD:C_0402_1005Metric","2","","C14445"
"C2,C4","2.2p","~","Capacitor_SMD:C_0402_1005Metric","2","","C1559"
"C5","1n","~","Capacitor_SMD:C_0402_1005Metric","1","","C1523"
"C6,C9","4.7u","~","Capacitor_SMD:C_0402_1005Metric","2","","C23733"
"C10","4.7u16v","~","Capacitor_SMD:C_0603_1608Metric","1","","C19666"
"D1,D2,D3,D4,D5,D6","~","","cnhardware:LC8812-SIDE-4020","6","","C5378721"
"J1","USB_C_Receptacle_USB2.0","https://www.usb.org/sites/default/files/documents/usb_type-c.zip","Connector_USB:USB_C_Receptacle_HRO_TYPE-C-31-M-12","1","","C2765186"
"J2","MPIN","~","TestPoint:TestPoint_Pad_D4.0mm","1","",""
"MK1","Microphone","https://datasheet.lcsc.com/lcsc/2105281609_Goertek-B4013AM423-098_C2835889.pdf","Swadge_Parts:INGHAi_MIC_GMI4013S-2C58DB","1","","C529870"
"R1","1.5kΩ","~","Resistor_SMD:R_0402_1005Metric","1","","C25867"
"R2,R5","12kΩ","~","Resistor_SMD:R_0402_1005Metric","2","","C22790"
"R3,R4","5.1kΩ","~","Resistor_SMD:R_0402_1005Metric","2","","C25905"
"R7,R8","120Ω","~","Resistor_SMD:R_0402_1005Metric","2","","C25079"
"U1","CH32V006F8U6","","Package_DFN_QFN:QFN-20-1EP_3x3mm_P0.4mm_EP1.65x1.65mm","1","",""
"U2","AW32001ECSR","","cnhardware:WLCSP-9-P0.5mm","1","","C5125890"
"U3","SC7A20","https://www.silan.com.cn/en/product/details/47.html","Package_LGA:LGA-12_2x2mm_P0.5mm","1","","C5126709"
"Y1","24MHz","~","Crystal:Crystal_SMD_2016-4Pin_2.0x1.6mm","1","","C2929397"
