"Reference","Value","Datasheet","Footprint","Qty","DNP","LCSC"
"C1","1uF","~","Capacitor_SMD:C_0805_2012Metric","1","","C28323"
"J1,J3","CB","~","Connector_PinHeader_2.54mm:PinHeader_2x04_P2.54mm_Vertical_SMD","2","","C192300"
"J2","ISP","~","Connector_PinHeader_2.54mm:PinHeader_2x03_P2.54mm_Vertical_SMD","1","","C192301"
"U1","ATtiny85-20S","http://ww1.microchip.com/downloads/en/DeviceDoc/atmel-2586-avr-8-bit-microcontroller-attiny25-attiny45-attiny85_datasheet.pdf","Package_SO:SOIC-8W_5.3x5.3mm_P1.27mm","1","","C615549"
