"Reference","Qty","Value","DNP","Exclude from BOM","Exclude from Board","Footprint","Datasheet","LCSC"
"A1,A2,A3,A4","4","R","","","","RF_Antenna:Coilcraft_MA5532-AE_RFID","~","C99665"
"A5,A6,A7,A8","4","R","","","","Resistor_SMD:R_2010_5025Metric","~","C22467691"
"C1,C2,C3,C4,C5,C6,C7,C8,C9,C10,C11,C12,C15,C24,C25,C26,C27,C28","18","1u","","","","Capacitor_SMD:C_0402_1005Metric","~","C52923"
"C13,C14,C16,C17,C18,C19,C20,C21,C22,C23","10","10p","","","","Capacitor_SMD:C_0402_1005Metric","~","C32949"
"J1","1","USB_C_Receptacle_USB2.0_14P","","","","cnhardware:USB_C_MOD_Receptacle_HRO_TYPE-C-31-M-12","https://www.usb.org/sites/default/files/documents/usb_type-c.zip","C2765186"
"J2","1","PGM","","","","Connector_PinHeader_2.54mm:PinHeader_1x05_P2.54mm_Vertical","~","C124379"
"J3,J4,J5,J6","4","MH","","Excluded from BOM","","MountingHole:MountingHole_3.2mm_M3_DIN965_Pad","~",""
"J7,J19","2","GND","","Excluded from BOM","","TestPoint:TestPoint_Pad_D1.5mm","~",""
"J8","1","3v3","","Excluded from BOM","","TestPoint:TestPoint_Pad_D1.5mm","~",""
"J9","1","TCOM0","","Excluded from BOM","","TestPoint:TestPoint_Pad_D1.5mm","~",""
"J10","1","RCOM0","","Excluded from BOM","","TestPoint:TestPoint_Pad_D1.5mm","~",""
"J11","1","RCOM1","","Excluded from BOM","","TestPoint:TestPoint_Pad_D1.5mm","~",""
"J12","1","TCOM1","","Excluded from BOM","","TestPoint:TestPoint_Pad_D1.5mm","~",""
"J13","1","COMSWD1","","Excluded from BOM","","TestPoint:TestPoint_Pad_D1.5mm","~",""
"J14","1","COMSWD0","","Excluded from BOM","","TestPoint:TestPoint_Pad_D1.5mm","~",""
"J15","1","SWCLK0","","Excluded from BOM","","TestPoint:TestPoint_Pad_D1.5mm","~",""
"J16","1","SWCLK1","","Excluded from BOM","","TestPoint:TestPoint_Pad_D1.5mm","~",""
"J17","1","SWCLK2","","Excluded from BOM","","TestPoint:TestPoint_Pad_D1.5mm","~",""
"J18","1","SWCLK3","","Excluded from BOM","","TestPoint:TestPoint_Pad_D1.5mm","~",""
"L1","1","470nH","","","","Inductor_SMD:L_0603_1608Metric","~","C84476"
"R1,R11","2","22Ω","","","","cnhardware:R_0402_1005Metric_COMPACT","~","C25092"
"R2,R3","2","5.1k","","","","Resistor_SMD:R_0402_1005Metric","~","C25905"
"U1","1","CH32V305GBU6","","","","Package_DFN_QFN:QFN-28-1EP_4x4mm_P0.4mm_EP2.3x2.3mm","","C19100608"
"U2,U4,U5,U6,U7,U8,U9,U10","8","CH570Q","","","","Package_DFN_QFN:DFN-10-1EP_3x3mm_P0.5mm_EP1.7x2.5mm","","C49260680"
"U3","1","RCLAMP0502N","","","","cnhardware:DFN-6_1.2x1.0mm_P0.4mm","","C344005"
"Y1","1","8MHz","","","","Crystal:Crystal_SMD_3225-4Pin_3.2x2.5mm","~","C2973805"
