Comment,Designator,Footprint,LCSC
"ANT","A1","Resistor_SMD:R_1206_3216Metric","C127629"
"10p","C1,C2,C3","Capacitor_SMD:C_0402_1005Metric","C106199"
"10u","C10,C17","Capacitor_SMD:C_0603_1608Metric","C18800"
"1u","C4,C5,C6,C7,C8,C12,C13,C14,C16,C18","Capacitor_SMD:C_0402_1005Metric","C106254"
"USBLC6-2P6-TVS","D1","Package_TO_SOT_SMD:SOT-666","C2827693"
"RBO128128G-610","J1","cnhardware:RBO128128G-610",""
"PGM","J2","Connector_PinHeader_2.54mm:PinHeader_1x04_P2.54mm_Vertical","NP"
"MOUNT","J3,J4","MountingHole:MountingHole_2.2mm_M2_DIN965_Pad",""
"USB_C_Receptacle_USB2.0","J5","Connector_USB:USB_C_Receptacle_HRO_TYPE-C-31-M-12","C2765186"
"6.8nH","L1","Inductor_SMD:L_0402_1005Metric","C77110"
"10k","R1,R2","Resistor_SMD:R_0402_1005Metric","C144807"
"5.1k","R5,R6,R12,R13","Resistor_SMD:R_0402_1005Metric","C105872"
"22","R7,R8,R9,R10,R11","Resistor_SMD:R_0402_1005Metric","C25092"
"TS-1187A-B-A-B","SW1","Button_Switch_SMD:SW_SPST_TL3342","C318884"
"ESP32-S2","U1","cnhardware:ESP32S2","C2840995"
"3.3vReg","U2","cnhardware:xdfn-reg","C81114"
"40MHz","Y1","Crystal:Crystal_SMD_2016-4Pin_2.0x1.6mm","C648970"