Comment,Designator,Footprint,LCSC
"10u","C12","Capacitor_SMD:C_0402_1005Metric","C315248"
"4.7u16v","C13,C15","Capacitor_SMD:C_0402_1005Metric","C412302"
"0.1u16v","C2,C5,C6,C8,C9,C10,C14,C16","Capacitor_SMD:C_0402_1005Metric","C338032"
"2.2u16v","C7,C11","Capacitor_SMD:C_0402_1005Metric","C385032"
"WS2816C-2121","D1,D2","WS2816-2121:WS2816-2121","C965561"
"350mV@100mA","D3,D4,D5","DFN1006:DFN1006","C239808"
"250mV@100mA","D6","DFN1006:DFN1006","C503409"
"USB_C_Receptacle_USB2.0","J1","Connector_USB:USB_C_Receptacle_HRO_TYPE-C-31-M-12","C2765186"
"BONUS","J2,J3","MountingHole:MountingHole_2.2mm_M2_DIN965_Pad",""
"PGM","J4","Connector_PinHeader_2.54mm:PinHeader_1x02_P2.54mm_Vertical",""
"BATT","J5","SOUHAN-Battery-1.25mm-SMT:SOUHAN-Battery-1.25mm-SMT","C393945"
"PA1","J6","GeneralPad:GeneralPad-Round-1.5mm",""
"PD2","J7","GeneralPad:GeneralPad-Round-1.5mm",""
"VD","J8","GeneralPad:GeneralPad-Round-1.5mm",""
"NRST","J9","GeneralPad:GeneralPad-Round-1.5mm",""
"4.7uH","L1,L2","Inductor_SMD:L_0805_2012Metric","C379996"
"RB0091E1401A-OLED-128x32","O1","RB0091E1401A-OLED-128x32:RB0091E1401A-OLED-128x32_FLIP",""
"Q_Photo_NPN","Q1","Diode_SMD:D_0805_2012Metric","C100090"
"NMOS","Q2","DFN-3L-1x0.6:DFN-3L-1x0.6","C2875806"
"SE4625-PandN","Q3","DFN-6-2x2-SplitPad:DFN-6-2x2-SplitPad","C730094"
"5.1k","R1,R2","Resistor_SMD:R_0402_1005Metric","C114759"
"NP","R11","Resistor_SMD:R_0402_1005Metric",""
"10k","R12,R13","Resistor_SMD:R_0402_1005Metric","C269674"
"100","R14","Resistor_SMD:R_0402_1005Metric","C106232"
"243k","R16","Resistor_SMD:R_0402_1005Metric","C43249"
"22","R3,R4","Resistor_SMD:R_0402_1005Metric","C102905"
"1.5k","R5","Resistor_SMD:R_0402_1005Metric","C114759"
"560k","R6,R15","Resistor_SMD:R_0402_1005Metric","C137958"
"22k","R7,R9","Resistor_SMD:R_0402_1005Metric","C144778"
"100k","R8,R17","Resistor_SMD:R_0402_1005Metric","C279979"
"TOUCHPAD","T1","touchpads:touchpad_10x6.5mm_retircle",""
"WS4518D-6/TR","U1","Package_DFN_QFN:DFN-6-1EP_2x2mm_P0.65mm_EP1x1.6mm","C910991"
"CH32V003F4U6","U2","Package_DFN_QFN:QFN-20-1EP_3x3mm_P0.4mm_EP1.65x1.65mm","C5299908"
"QMA7981","U4","Swadge_Parts:QMA6981","C457290"
"XB6042Q2SV-L","U5","xdfn_reg:xdfn-reg","C2759995"
"RS3236-3.3YUTDN4","U6","xdfn_reg:xdfn-reg","C379350"
"S08OB383-031","U7","GOERTEK-S08OB383-031-MemsMic:GOERTEK-S08OB383-031-MemsMic","S08OB383-031"