Comment,Designator,Footprint,LCSC
"1u","C1","Resistor_SMD:R_0402_1005Metric","C52923"
"4.7u","C2,C3","Resistor_SMD:R_0402_1005Metric","C368809"
"APPLE","J1","artwork:apple",""
"USB_C_Receptacle_USB2.0","J2","Connector_USB:USB_C_Receptacle_HRO_TYPE-C-31-M-12","C2765186"
"PGM","J3","Connector_PinHeader_2.54mm:PinHeader_1x04_P2.54mm_Vertical",""
"4.99","R1","Resistor_SMD:R_0603_1608Metric","C103684"
"5.1k","R2,R3","Resistor_SMD:R_0402_1005Metric","C25905"
"RB017A1505A_Connector","U1","cnhardware:FLEX15-0.3-HC-FPC-03-10-15RLTAG","C711418"
"25WQ32","U2","cnhardware:USON8-LINE(2x3)","C5258281"
"CH32V003F4U6","U3","Package_DFN_QFN:QFN-20-1EP_3x3mm_P0.4mm_EP1.65x1.65mm","C5299908"
"3.3vReg","U4","cnhardware:xdfn-reg","C379350"