"Reference","Qty","Value","DNP","Exclude from BOM","Exclude from Board","Footprint","Datasheet","LCSC"
"C1,C7","2","0.1u","","","","Capacitor_SMD:C_0402_1005Metric","~","C307331"
"C4","1","4.7p","","","","Capacitor_SMD:C_0603_1608Metric","~","C1634"
"D1","1","BPW34-SMD","","","","OptoDevice:Osram_BPW34S-SMD","https://dammedia.osram.info/media/resource/hires/osram-dam-5488319/BPW%2034%20S_EN.pdf","C145262"
"J1","1","HDR","","","","Connector_PinHeader_2.54mm:PinHeader_1x08_P2.54mm_Vertical","~","C2905487"
"R1","1","1M","","","","Resistor_SMD:R_0603_1608Metric","~","C22935"
"R11,R12","2","5.1k","","","","Resistor_SMD:R_0402_1005Metric","~","C25905"
"U3","1","~","","","","cnhardware:QFN-12-P0.4-WCH","","C49006243"
