"Reference","Value","Datasheet","Footprint","Qty","DNP","LCSC"
"C2,C4","1u","~","Resistor_SMD:R_0402_1005Metric","2","","C52923"
"C3,C5,C6","4.7u","~","Capacitor_SMD:C_0805_2012Metric","3","","C1779"
"D1","1N5819WS","~","Diode_SMD:D_SOD-323","1","","C191023"
"J1","OLED","~","cnhardware:FPC_BOTTOM_P0.5mm_FLIP_JUSHUO","1","",""
"J2","USB_C_Receptacle_USB2.0","https://www.usb.org/sites/default/files/documents/usb_type-c.zip","Connector_USB:USB_C_Receptacle_HRO_TYPE-C-31-M-12","1","","C2765186"
"J3","PGM","~","Connector_PinHeader_2.54mm:PinHeader_1x04_P2.54mm_Vertical","1","","C706876"
"L1","4.7uH 500mA","~","Inductor_SMD:L_0805_2012Metric","1","","C86088"
"Q1","AO3400A","~","Package_TO_SOT_SMD:SOT-23","1","","C20917"
"R1,R5","1M","~","Resistor_SMD:R_0402_1005Metric","2","","C26083"
"R2,R3,R4,R7","5.1k","~","Resistor_SMD:R_0402_1005Metric","4","","C25905"
"R6","NP","~","Resistor_SMD:R_0402_1005Metric","1","DNP",""
"SW1","Download","~","Button_Switch_SMD:SW_SPST_TL3342","1","","C318884"
"U1","~","","Package_DFN_QFN:QFN-28-1EP_4x4mm_P0.4mm_EP2.6x2.6mm","1","","C7437027"
"U3","XC6206P332MR-G","http://www.ti.com/lit/ds/symlink/lm1117.pdf","Package_TO_SOT_SMD:SOT-23","1","","C5446"
