Comment,Designator,Footprint,LCSC
"4.7u","C1,C3,C8,C12,C16,C21,C32","Capacitor_SMD:C_0402_1005Metric","C368809"
"1u","C2,C26","Capacitor_SMD:C_0402_1005Metric","C237173"
"25v10u","C27,C28,C29,C30","Capacitor_SMD:C_0805_2012Metric","C15850"
"22n","C31","Capacitor_SMD:C_0402_1005Metric","C1532"
"2.2u100v","C34,C35","Capacitor_SMD:C_1206_3216Metric","C920964"
"100v470n","C36","Capacitor_SMD:C_0805_2012Metric","C596323"
"0.1u","C4,C9,C10,C11,C13,C14,C15,C17,C18,C19,C25,C33,C37,C38","Capacitor_SMD:C_0402_1005Metric","C1525"
"10n","C7,C24","Capacitor_SMD:C_0402_1005Metric","C15195"
"USBLC6-2P6-TVS","D1","Package_TO_SOT_SMD:SOT-666","C2827693"
"~","D2,D5","Diode_SMD:D_0201_0603Metric","C2858725 "
"RMBF","D3,D4","Package_TO_SOT_SMD:TO-269AA","C7450442"
"~","D6,D7","Diode_SMD:D_SOD-123F","C122863"
"WS2812B-2020","D8","LED_SMD:LED_WS2812B-2020_PLCC4_2.0x2.0mm","C3646929"
"USB_C_Receptacle_USB2.0","J1","Connector_USB:USB_C_Receptacle_HRO_TYPE-C-31-M-12","C709358"
"USBBYPASS","J11","Connector_PinHeader_2.54mm:PinHeader_1x02_P2.54mm_Vertical","C492401"
"PGM","J2","Connector_PinHeader_2.54mm:PinHeader_1x06_P2.54mm_Vertical","C37208"
"R-RJ45R08P-C000","J3","cnhardware:R-RJ45R08P-C000","C386757"
"AUX","J4,J5","Connector_PinHeader_2.54mm:PinHeader_2x10_P2.54mm_Vertical","C706900"
"12VOut","J6","Connector_Phoenix_MC:PhoenixContact_MCV_1,5_2-G-3.5_1x02_P3.50mm_Vertical","C466970"
"2.2uH 1.6A","L1","Inductor_SMD:L_Taiyo-Yuden_MD-3030","C19734"
"4.7uH 2A","L2","Inductor_SMD:L_Taiyo-Yuden_MD-4040","C57269"
"22","R1,R2","Resistor_SMD:R_0402_1005Metric","C25092"
"4.7k","R10,R17,R18,R33","Resistor_SMD:R_0402_1005Metric","C25900"
"390k","R22,R23","Resistor_SMD:R_0402_1005Metric","C162853"
"10k","R27","Resistor_SMD:R_0402_1005Metric","C25744"
"5.1k","R3,R4","Resistor_SMD:R_0402_1005Metric","C258132"
"18k 1%","R30","Resistor_SMD:R_0402_1005Metric","C138044"
"25k","R5,R24","Resistor_SMD:R_0402_1005Metric","C25874"
"2.49k 1%","R6,R26,R29","Resistor_SMD:R_0402_1005Metric","C145071"
"0","R7,R20,R21","Resistor_SMD:R_0402_1005Metric","C17168"
"1k","R8,R9","Resistor_SMD:R_0402_1005Metric","C11702"
"~","T1","cnhardware:TNK-TSA021-POE-TRANSFORMER","C465987"
"RTL8211E-VB-CG","U1","Package_DFN_QFN:QFN-48-1EP_6x6mm_P0.4mm_EP4.3x4.3mm","C90735"
"~","U2","cnhardware:QFN-68-0.2mmpads-1EP_8x8mm_P0.4mm_EP6.4x6.4mm","C5142795"
"3.3vReg","U3,U5","cnhardware:xdfn-reg","C81114"
"~","U4","Transformer_SMD:Transformer_Ethernet_YDS_30F-51NL_SO-24_7.1x15.1mm","C507595"
"LM5160ADNTR","U6","Package_DFN_QFN:DFN-12-1EP_4x4mm_P0.5mm_EP2.66x3.38mm","C473375"
"MT2492","U7","Package_TO_SOT_SMD:SOT-23-6","C89358"
"8MHz12pF","Y2","Crystal:Crystal_SMD_3225-4Pin_3.2x2.5mm","C403948"