Comment,Designator,Footprint,LCSC
"ANT","A1","Resistor_SMD:R_1206_3216Metric","C127629"
"10p","C1,C2,C3","Capacitor_SMD:C_0402_1005Metric","C106199"
"1u","C4,C5,C8,C9,C10,C11,C13,C14,C15","Capacitor_SMD:C_0402_1005Metric","C106254"
"10u","C6,C12","Capacitor_SMD:C_0603_1608Metric","C18800"
"WS2816C-2121","D1,D2,D3","cnhardware:WS2816-2121","C965561"
"USBLC6-2P6-TVS","D4","Package_TO_SOT_SMD:SOT-666","C2827693"
"artwork","G1","artwork:Tentacle1-Astronautilus",""
"artwork","G2","artwork:Tentacle2-Astronautilus",""
"artwork","G3","artwork:BoatOnWaterLarge-Astronautilus",""
"artwork","G4","artwork:Tentacle4-Astronautilus",""
"artwork","G5","artwork:TentacleLargeFlip-Astronautilus",""
"artwork","G6","artwork:TentacleLarge-Astronautilus",""
"OPGM","J1","Connector_PinHeader_2.54mm:PinHeader_2x05_P2.54mm_Horizontal","C239336"
"PGM","J2","Connector_PinHeader_2.54mm:PinHeader_1x04_P2.54mm_Vertical","NP"
"USB_C_Receptacle_USB2.0","J3","Connector_USB:USB_C_Receptacle_HRO_TYPE-C-31-M-12","C2765186"
"MOUNT","J4,J5","MountingHole:MountingHole_2.2mm_M2_DIN965_Pad",""
"6.8nH","L1","Inductor_SMD:L_0402_1005Metric","C77110"
"SE4625-PandN","Q1,Q2","cnhardware:DFN-6-2x2-SplitPad","C730094"
"10k","R1,R2,R3,R4,R7,R8","Resistor_SMD:R_0402_1005Metric","C144807"
"5.1k","R5,R6,R11,R12","Resistor_SMD:R_0402_1005Metric","C105872"
"22","R9,R10","Resistor_SMD:R_0402_1005Metric","C25092"
"TS-1187A-B-A-B","SW1","Button_Switch_SMD:SW_SPST_TL3342","C318884"
"ESP32-S2","U1","cnhardware:ESP32S2","C2840995"
"AP1117-33","U2","Package_TO_SOT_SMD:SOT-223-3_TabPin2","C6186"
"40MHz","Y1","Crystal:Crystal_SMD_2016-4Pin_2.0x1.6mm","C648970"