"Reference","Qty","Value","DNP","Exclude from BOM","Exclude from Board","Footprint","Datasheet","LCSC"
"C1,C3,C5,C7,C9,C11","6","10p","","","","Capacitor_SMD:C_0402_1005Metric","","C32949"
"C2,C4,C6,C8,C10,C12","6",".1u","","","","Capacitor_SMD:C_0402_1005Metric","","C1525"
"C13,C16","2","2.2nF","","","","Capacitor_SMD:C_0402_1005Metric","","C22435967"
"C14,C17","2","39nF","","","","Capacitor_SMD:C_0402_1005Metric","","C880624"
"C15,C18","2","1.2nF","","","","Capacitor_SMD:C_0402_1005Metric","","C107021"
"C19,C20,C21,C22,C23,C24,C25,C26,C27,C28,C30,C31,C32,C33,C35,C36,C37,C38,C39,C40,C49","21","1n","","","","Capacitor_SMD:C_0402_1005Metric","","C1523"
"C29,C34,C41,C43,C44,C48","6","1u","","","","Capacitor_SMD:C_0402_1005Metric","","C14445"
"C42,C45,C46,C47","4","4.7u","","","","Capacitor_SMD:C_0603_1608Metric","","C19666"
"D1,D2","2","LOCKFAIL_WHITE","","","","LED_SMD:LED_0603_1608Metric","","C2290"
"J1,J2,J3,J4,J5,J6,J7,J8,J9","9","REF,RF0A+,RF0A-,RF0B+,RF0B-,RF1A+,RF1A-,RF1B+,RF1B-","","","","Connector_Coaxial:SMA_Amphenol_901-144_Vertical","","C5301852"
"J10","1","RJ45_Hanrun_HR911105A_Horizontal","","","","cnhardware:HR915310A-RJ45-INTEGRATED-10MBIT","https://datasheet.lcsc.com/lcsc/1811141815_HANRUN-Zhongshan-HanRun-Elec-HR911105A_C12074.pdf","C2760326"
"J11","1","J20-C-V-C-1-SMT-TR-USB-VERTICAL","","","","cnhardware:J20-C-V-C-1-SMT-TR-USB-VERTICAL","https://www.usb.org/sites/default/files/documents/usb_type-c.zip",""
"J12,J13,J14,J15","4","GND,SWC,SWD,VCC","","","","TestPoint:TestPoint_Pad_D1.0mm","",""
"L1,L2,L3,L4,L5,L6,L7,L8,L9,L10,L11","11","3.9nH","","","","Inductor_SMD:L_0402_1005Metric","","C77109"
"R1,R2","2","4.7k","","","","cnhardware:R_0402_1005Metric_COMPACT","","C25900"
"R3,R11","2","100","","","","Resistor_SMD:R_0402_1005Metric","","C25076"
"R4,R5,R6,R12","4","1.5k","","","","cnhardware:R_0402_1005Metric_COMPACT","","C25867"
"R7,R8,R9,R10","4","390,680","","","","Resistor_SMD:R_0402_1005Metric","","C25109"
"R13,R14","2","5.1k","","","","Resistor_SMD:R_0402_1005Metric","","C25905"
"R15,R16","2","33","","","","Resistor_SMD:R_0402_1005Metric","","C25105"
"U1,U2","2","ADF4351","","","","Package_CSP:LFCSP-32-1EP_5x5mm_P0.5mm_EP3.25x3.25mm","https://www.analog.com/media/en/technical-documentation/data-sheets/ADF4351.pdf","C71362"
"U3","1","CH32V208GBU6","","","","cnhardware:QFN-28-P0.4mm-2.8x2.8EP","","C7434833"
"U4,U5","2","WL2808E","","","","Package_TO_SOT_SMD:SOT-23-5","http://ww1.microchip.com/downloads/en/DeviceDoc/22053C.pdf","C2931312"
"Y1","1","TG-5006CG-12H 26.0000M3","","","","Oscillator:Oscillator_SMD_ECS_2520MV-xxx-xx-4Pin_2.5x2.0mm","https://www.iqdfrequencyproducts.com/products/details/cfps-72-14-01.pdf","C1998253"
"Y3","1","32MHz","","","","Crystal:Crystal_SMD_2016-4Pin_2.0x1.6mm","","C37635331"
