Designator,Val,Package,Mid X,Mid Y,Rotation,Layer
"J1","RF0A+","SMA_Amphenol_901-144_Vertical",194.000000,-50.000000,0.000000,bottom
"J2","RF0A-","SMA_Amphenol_901-144_Vertical",204.000000,-50.000000,0.000000,bottom
"J3","RF0B-","SMA_Amphenol_901-144_Vertical",194.000000,-30.000000,180.000000,bottom
"J4","RF0B+","SMA_Amphenol_901-144_Vertical",204.000000,-30.000000,180.000000,bottom
"J5","RF1A-","SMA_Amphenol_901-144_Vertical",183.500000,-50.000000,0.000000,bottom
"J6","RF1B-","SMA_Amphenol_901-144_Vertical",173.500000,-30.000000,180.000000,bottom
"J7","RF1A+","SMA_Amphenol_901-144_Vertical",173.500000,-50.000000,0.000000,bottom
"J8","RF1B+","SMA_Amphenol_901-144_Vertical",183.500000,-30.000000,180.000000,bottom
"J9","REF","SMA_Amphenol_901-144_Vertical",163.000000,-30.000000,90.000000,bottom
"J10","RJ45_Hanrun_HR911105A_Horizontal","HR915310A-RJ45-INTEGRATED-10MBIT",156.600000,-45.275000,90.000000,bottom
"J11","J20-C-V-C-1-SMT-TR-USB-VERTICAL","J20-C-V-C-1-SMT-TR-USB-VERTICAL",150.450000,-31.400000,0.000000,bottom
