"Reference","Qty","Value","DNP","Exclude from BOM","Exclude from Board","Footprint","Datasheet","LCSC"
"C1,C2,C3","3","4.7u","","","","Capacitor_SMD:C_0402_1005Metric","~","C368809"
"C4","1","4.7p","","","","Capacitor_SMD:C_0603_1608Metric","~","C1634"
"C5,C7,C9","3","0.1u","","","","Capacitor_SMD:C_0402_1005Metric","~","C307331"
"C6,C8","2","1u","","","","Capacitor_SMD:C_0402_1005Metric","~","C52923"
"D1","1","BPW34-SMD","","","","OptoDevice:Osram_BPW34S-SMD","https://dammedia.osram.info/media/resource/hires/osram-dam-5488319/BPW%2034%20S_EN.pdf","C145262"
"D2","1","D","","","","Diode_SMD:D_SOD-323","~","C2128"
"J2","1","USB_C_Receptacle_USB2.0_16P","","","","cnhardware:USB_C_PADDLE","https://www.usb.org/sites/default/files/documents/usb_type-c.zip",""
"J3","1","BAT/MX1.25","","","","Connector_Hirose:Hirose_DF13C_CL535-0402-2-51_1x02-1MP_P1.25mm_Vertical","~","C3029359"
"R1","1","1M","","","","Resistor_SMD:R_0603_1608Metric","~","C22935"
"R2,R3,R4,R5,R6,R7,R8,R9,R11,R12","10","5.1k","","","","Resistor_SMD:R_0402_1005Metric","~","C25905"
"R13,R14","2","REXT","","Excluded from BOM","","Resistor_SMD:R_1206_3216Metric","~",""
"SW1,SW2,SW3","3","TS-1187A-B-A-B","","","","Button_Switch_SMD:SW_SPST_TL3342","~","C318884"
"U1","1","CH570Q","","","","Package_DFN_QFN:DFN-10-1EP_3x3mm_P0.5mm_EP1.7x2.5mm","","C49260680"
"U2","1","AW32001","","","","cnhardware:WLCSP-9-P0.5mm","","C5125890"
"U3","1","~","","","","cnhardware:QFN-12-P0.4-WCH","","C49006243"
"U4","1","MG6229D4-28","","","","cnhardware:xdfn-reg","","C48678131"
"Y1","1","32MHz","","","","Crystal:Crystal_SMD_2016-4Pin_2.0x1.6mm","~","C718072"
