Comment,Designator,Footprint,LCSC
"2.2u16v","C1,C7,C11","Capacitor_SMD:C_0402_1005Metric","C385032"
"10u","C12","Capacitor_SMD:C_0402_1005Metric","C315248"
"4.7u16v","C13,C15","Capacitor_SMD:C_0402_1005Metric","C412302"
"15pF","C17","Capacitor_SMD:C_0402_1005Metric","C1548"
"0.1u16v","C2,C5,C6,C8,C9,C10,C14,C16,C18","Capacitor_SMD:C_0402_1005Metric","C338032"
"1u","C3","Capacitor_SMD:C_0402_1005Metric","C52923"
"6pF","C4","Capacitor_SMD:C_0402_1005Metric","C1575"
"WS2816C-2121","D1,D2","WS2816-2121:WS2816-2121","C965561"
"350mV@100mA","D3","DFN1006:DFN1006","C239808"
"USB_C_Receptacle_USB2.0","J1","Connector_USB:USB_C_Receptacle_HRO_TYPE-C-31-M-12","C2765186"
"BONUS","J2,J3","MountingHole:MountingHole_2.2mm_M2_DIN965_Pad",""
"PGM","J4","Connector_PinHeader_2.54mm:PinHeader_1x02_P2.54mm_Vertical",""
"BATT","J5","SOUHAN-Battery-1.25mm-SMT:SOUHAN-Battery-1.25mm-SMT","C393945"
"PA1","J6","GeneralPad:GeneralPad-Round-1.5mm",""
"PD2","J7","GeneralPad:GeneralPad-Round-1.5mm",""
"VD","J8","GeneralPad:GeneralPad-Round-1.5mm",""
"NRST","J9","GeneralPad:GeneralPad-Round-1.5mm",""
"4.7uH","L1,L2","Inductor_SMD:L_0805_2012Metric","C379996"
"47nH","L3","Inductor_SMD:L_0603_1608Metric","C155023"
"RB0091E1401A-OLED-128x32","O1","RB0091E1401A-OLED-128x32:RB0091E1401A-OLED-128x32_FLIP",""
"Q_Photo_NPN","Q1","Diode_SMD:D_0805_2012Metric","C100090"
"NMOS","Q2","DFN-3L-1x0.6:DFN-3L-1x0.6","C2875806"
"2SC4083/L2SC4083","Q3","Package_TO_SOT_SMD:SOT-323_SC-70","C12064"
"5.1k","R1,R2","Resistor_SMD:R_0402_1005Metric","C114759"
"100k","R10,R17","Resistor_SMD:R_0402_1005Metric","C279979"
"NP","R11","Resistor_SMD:R_0402_1005Metric",""
"10k","R12,R13","Resistor_SMD:R_0402_1005Metric","C269674"
"560k","R15","Resistor_SMD:R_0402_1005Metric","C137958"
"243k","R16","Resistor_SMD:R_0402_1005Metric","C43249"
"22","R3,R4","Resistor_SMD:R_0402_1005Metric","C102905"
"1.5k","R5","Resistor_SMD:R_0402_1005Metric","C114759"
"24.3k","R6","Resistor_SMD:R_0402_1005Metric","C226370"
"100","R7,R14","Resistor_SMD:R_0402_1005Metric","C25076"
"10","R8","Resistor_SMD:R_0402_1005Metric","C140210"
"0","R9","Resistor_SMD:R_0402_1005Metric","C17168"
"TOUCHPAD","T1","touchpads:touchpad_10x6.5mm_retircle",""
"AW32001E-POWER-PATH","U1","Package_BGA:BGA-9_1.6x1.6mm_Layout3x3_P0.5mm","C5125890"
"CH32V003F4U6","U2","Package_DFN_QFN:QFN-20-1EP_3x3mm_P0.4mm_EP1.65x1.65mm","C5299908"
"SAW_FILTER_2P","U3","cnhardware:SAW-SMD2016-2P","C2847068"
"QMA7981","U4","Swadge_Parts:QMA6981","C457290"
"XB6042Q2SV-L","U5","xdfn_reg:xdfn-reg","C2759995"
"RS3236-3.3YUTDN4","U6","xdfn_reg:xdfn-reg","C379350"
"S08OB383-031","U7","GOERTEK-S08OB383-031-MemsMic:GOERTEK-S08OB383-031-MemsMic","S08OB383-031"