"Reference","Qty","Value","DNP","Exclude from BOM","Exclude from Board","Footprint","Datasheet","LCSC"
"C1,C2,C3,C4,C5","5","1u","","","","Capacitor_SMD:C_0402_1005Metric","~","C52923"
"J1","1","CAMERA","","","","cnhardware:XUNPU_FPC-05F-24PH15","~","C2856831"
"J2,J3,J7","3","PGM","","","","Connector_PinHeader_2.54mm:PinHeader_1x03_P2.54mm_Vertical","~","C2937625"
"J4,J5","2","RAEXT","","","","Connector_PinHeader_2.54mm:PinHeader_2x05_P2.54mm_Vertical","~","C492422"
"J6","1","AF","","","","Connector_PinHeader_2.54mm:PinHeader_1x03_P2.54mm_Vertical","~","C2937625"
"U1","1","CH32V003F4U6","","","","Package_DFN_QFN:QFN-20-1EP_3x3mm_P0.4mm_EP1.65x1.65mm","","C5299908"
"U2","1","XC6206P182MR","","","","Package_TO_SOT_SMD:SOT-23","https://www.analog.com/media/en/technical-documentation/data-sheets/1083ffe.pdf","C347373"
"U3","1","XC6206P282MR","","","","Package_TO_SOT_SMD:SOT-23","https://www.analog.com/media/en/technical-documentation/data-sheets/1083ffe.pdf","C347374"
"Y2","1","24MHz 2520","","","","Crystal:Crystal_SMD_2520-4Pin_2.5x2.0mm","~","C2965580"
