"Reference","Value","Footprint","Datasheet","Qty","LCSC","DNP","Exclude from BOM","Exclude from Board"
"C1,C2,C3,C4,C5,C6,C7,C8,C9,C10,C11,C12,C13,C14,C15,C16,C17,C18,C19,C20,C21,C22,C23,C24,C25,C26,C27,C28,C29,C30","100n","Capacitor_SMD:C_0402_1005Metric","~","30","C1525","","",""
"J1,J2,J3,J4,J5,J6,J7,J8,J9,J10,J11,J12,J13,J14,J15,J16,J17,J18,J19,J20,J21,J22,J23,J24,J25,J26,J27,J28,J29,J30,J31","~","cnhardware:3PADSPLIT","~","31","","","Excluded from BOM",""
"K1,K2,K3,K4,K5,K6,K7,K8,K9,K10,K11,K12,K13,K14,K15,K16,K17,K18,K19,K20,K21,K22,K23,K24,K25,K26,K27,K28,K29,K30","Conn_01x01","cnhardware:PINPAD","~","30","","","Excluded from BOM",""
"U1,U2,U3,U4,U5,U6,U7,U8,U9,U10,U11,U12,U13,U14,U15,U16,U17,U18,U19,U20,U21,U22,U23,U24,U25,U26,U27,U28,U29,U30,U31,U32,U33,U34,U35,U36,U37,U38,U39,U40,U41,U42,U43,U44,U45,U46,U47,U48,U49,U50,U51,U52,U53,U54,U55,U56,U57,U58,U59,U60","~","cnhardware:SK6805SIDE-FRGBW-BW-P6","","60","C7423108","","",""
