"Reference","Qty","Value","DNP","Exclude from BOM","Exclude from Board","Footprint","Datasheet","LCSC"
"C1,C2,C3,C4","4","2.2u","","","","Resistor_SMD:R_0402_1005Metric","~","C12530"
"D1","1","LED","","","","LED_SMD:LED_0603_1608Metric","~","C2286"
"J1","1","DEVPGM","","","","Connector_PinHeader_2.54mm:PinHeader_1x04_P2.54mm_Vertical","~","C91552"
"J2","1","USB_C_Receptacle_USB2.0","","","","Connector_USB:USB_C_Receptacle_HRO_TYPE-C-31-M-12","https://www.usb.org/sites/default/files/documents/usb_type-c.zip","C2765186"
"J3","1","COREPGM","","","","Connector_PinHeader_2.54mm:PinHeader_1x04_P2.54mm_Vertical","~",""
"R1,R2,R3,R4,R5","5","5.1k","","","","Resistor_SMD:R_0402_1005Metric","~","C25905"
"TP1","1","5v","","","","TestPoint:TestPoint_Pad_D1.5mm","~",""
"U1","1","USBLC6-2SC6","","","","Package_TO_SOT_SMD:SOT-23-6","https://www.st.com/resource/en/datasheet/usblc6-2.pdf","C2687116"
"U2","1","CH570Q","","","","Package_DFN_QFN:DFN-10-1EP_3x3mm_P0.5mm_EP1.7x2.5mm","","C49260680"
"U3","1","AMS1117-3.3","","","","Package_TO_SOT_SMD:SOT-223-3_TabPin2","http://www.advanced-monolithic.com/pdf/ds1117.pdf","C6186"
"U4","1","DMC2400UV","","","","Package_TO_SOT_SMD:SOT-563","","C177025"
"Y1","1","32M","","","","Crystal:Crystal_SMD_2016-4Pin_2.0x1.6mm","~","C718072"
