"Reference","Value","Datasheet","Footprint","Qty","DNP","LCSC"
"C1,C2,C4,C5,C6,C7","1u","~","Capacitor_SMD:C_0603_1608Metric","6","","C15849"
"C3","4.7u","~","Capacitor_SMD:C_0603_1608Metric","1","","C19666"
"R3,R4","5.1k","~","Resistor_SMD:R_0402_1005Metric","2","","C25905"
"R5","1.5k","~","Resistor_SMD:R_0402_1005Metric","1","","C25867"
"U2","CH32V003F4U6","","Package_DFN_QFN:QFN-20-1EP_3x3mm_P0.4mm_EP1.65x1.65mm","1","","C5299908"
"U3","3.3vReg","https://www.onsemi.com/pub/Collateral/NCP115-D.PDF","cnhardware:xdfn-reg","1","","C379350"
