"Reference","Qty","Value","DNP","Exclude from BOM","Exclude from Board","Footprint","Datasheet","LCSC"
"BT1","1","Battery","","","","","~",""
"C1,C3,C13,C14","4","100n","","","","Resistor_SMD:R_0402_1005Metric","~","C307331"
"C2,C5,C6,C7,C8,C9,C10,C11,C12","9","4.7u","","","","Capacitor_SMD:C_1206_3216Metric","~","C29823"
"C4,C15","2","1u","","","","Resistor_SMD:R_0402_1005Metric","~","C52923"
"D1","1","1N4148","","","","Diode_SMD:D_SOD-323","https://assets.nexperia.com/documents/data-sheet/1N4148_1N4448.pdf","C2128"
"J1","1","SAO","DNP","Excluded from BOM","","Connector_PinHeader_2.54mm:PinHeader_2x03_P2.54mm_Vertical_SMD","~",""
"L1,L2","2","10uH","","","","Inductor_SMD:L_1008_2520Metric","~","C37428"
"R1,R6,R7","3","33k","","","","cnhardware:R_0402_1005Metric_COMPACT","~","C25779"
"R2","1","51k","","","","cnhardware:R_0402_1005Metric_COMPACT","~","C25794"
"R3,R8","2","1M","","","","cnhardware:R_0402_1005Metric_COMPACT","~","C26083"
"R5","1","100k","","","","cnhardware:R_0402_1005Metric_COMPACT","~","C25741"
"SW1,SW2,SW3","3","TS-1187A-B-A-B","","","","cnhardware:BTC007_Button_Silicone","~","C318884"
"SW4","1","SW_SPDT","","","","swadgeparts:SW_SPDT_PCM12","~","C221841"
"TP1","1","MOSITP","","Excluded from BOM","","TestPoint:TestPoint_Pad_D1.0mm","~",""
"TP2","1","V5TP","","Excluded from BOM","","TestPoint:TestPoint_Pad_D1.0mm","~",""
"TP3,TP4","2","DCTP","","Excluded from BOM","","TestPoint:TestPoint_Pad_D1.0mm","~",""
"TP5","1","SCSTP","","Excluded from BOM","","TestPoint:TestPoint_Pad_D1.0mm","~",""
"TP6","1","RESTP","","Excluded from BOM","","TestPoint:TestPoint_Pad_D1.0mm","~",""
"TP7","1","VBAT","","Excluded from BOM","","TestPoint:TestPoint_Pad_D1.0mm","~",""
"TP8,TP9","2","GND","","Excluded from BOM","","TestPoint:TestPoint_Pad_D1.0mm","~",""
"U1","1","~","","","","cnhardware:RB150-2828KSWKG01","",""
"U2","1","TPS54302","","","","Package_TO_SOT_SMD:SOT-23-6","http://www.ti.com/lit/ds/symlink/tps54302.pdf","C311983"
"U3","1","CH572Q","","","","Package_DFN_QFN:QFN-20-1EP_3x3mm_P0.4mm_EP1.65x1.65mm","","C46597863"
"U4","1","HX3608_BOOST","","","","Package_TO_SOT_SMD:SOT-23-6","","C296278"
"Y1","1","32MHz","","","","Crystal:Crystal_SMD_2016-4Pin_2.0x1.6mm","~","C7294697"
