Comment,Designator,Footprint,LCSC
"4.7uF","C1,C2,C3","Capacitor_SMD:C_0402_1005Metric","C23733"
"330pF","C4,C5","Capacitor_SMD:C_0402_1005Metric","C13533"
"NP","C6,C7,C10","Capacitor_SMD:C_0402_1005Metric",""
"10p","C8,C12,C13","Capacitor_SMD:C_0402_1005Metric","C32949"
"330p","C9,C11","Capacitor_SMD:C_0402_1005Metric","C13533"
"BPW34","D1","OptoDevice:Osram_BPW34S-SMD","C962584"
"PGM","J1","Connector_PinHeader_2.54mm:PinHeader_1x05_P2.54mm_Vertical","C225491"
"1M","R1","Resistor_SMD:R_0402_1005Metric","C26083"
"22","R2,R3","Resistor_SMD:R_0402_1005Metric","C25092"
"CH32V003F4U6","U1","Package_DFN_QFN:QFN-20-1EP_3x3mm_P0.4mm_EP1.65x1.65mm","C5299908"
"2.8","U2","cnhardware:xdfn-reg","C260891"
"3.3","U3","cnhardware:xdfn-reg","C379350"
"24MHz","Y1","Crystal:Crystal_SMD_2016-4Pin_2.0x1.6mm","C388793"