"Reference","Value","Datasheet","Footprint","Qty","DNP","LCSC"
"C1,C4","-- mixed values --","~","Capacitor_SMD:C_0402_1005Metric","2","","C72203"
"C2","4.7u16v","~","Capacitor_SMD:C_0603_1608Metric","1","","C77045"
"C3,C7,C8","100n","~","Capacitor_SMD:C_0402_1005Metric","3","","C1525"
"C5,C6","4.7u10v","~","Capacitor_SMD:C_0402_1005Metric","2","","C23733"
"C9,C10","2.2p","~","Capacitor_SMD:C_0402_1005Metric","2","","C1559"
"D1","D_Schottky","~","Diode_SMD:D_SOD-323","1","","C191023"
"J1","OLED","~","fpc:AFC42-S08FMA-1H","1","","C466530"
"J2","USB_C_Receptacle_USB2.0","https://www.usb.org/sites/default/files/documents/usb_type-c.zip","Connector_USB:USB_C_Receptacle_HRO_TYPE-C-31-M-12","1","","C2765186"
"J3,J4,J5,J6,J7,J8,J9,J10,J11,U1","-- mixed values --","-- mixed values --","-- mixed values --","10","",""
"L1","4.7uH","~","Inductor_SMD:L_0603_1608Metric","1","","C114862"
"R1","390k","~","Resistor_SMD:R_0402_1005Metric","1","","C25782"
"R2,R3,R6","5.1k","~","Resistor_SMD:R_0402_1005Metric","3","","C105872"
"R4","1.5k","~","Resistor_SMD:R_0402_1005Metric","1","","C25867"
"R5","62k","~","Resistor_SMD:R_0402_1005Metric","1","","C37825"
"U2","MT3540","","Package_TO_SOT_SMD:SOT-23-5","1","","C181744"
"U3","RS3236-3.3YUTDN4","","cnhardware:xdfn-reg","1","","C379350"
"Y1","24MHz","~","Crystal:Crystal_SMD_2016-4Pin_2.0x1.6mm","1","","C2929397"
