"Reference","Qty","Value","Exclude from BOM","Exclude from Board","Footprint","Datasheet","LCSC"
"C1,C3,C4,C7,C10,C12,C15,C16,C17,C19,C20,C21,C23,C31","14","100n","","","Capacitor_SMD:C_0402_1005Metric","~","C1525"
"C2,C5,C6,C8,C9,C11,C13,C14,C18,C22","10","10u","","","Capacitor_SMD:C_0603_1608Metric","~","C19702"
"C24,C25,C26,C27,C28,C29,C30,C32,C33,C34,C35","11","10p","","","Capacitor_SMD:C_0402_1005Metric","~","C32949"
"D1,D2","2","D_Schottky","","","Diode_SMD:D_SOD-323","~","C191023"
"J1","1","PGM","","","Connector_PinHeader_2.54mm:PinHeader_1x05_P2.54mm_Vertical","~","C492404"
"J2","1","USB_C_Receptacle_USB2.0","","","Connector_USB:USB_C_Receptacle_HRO_TYPE-C-31-M-12","https://www.usb.org/sites/default/files/documents/usb_type-c.zip","C2765186"
"J3","1","PWR","","","Connector_PinHeader_2.54mm:PinHeader_1x05_P2.54mm_Vertical","~","C492404"
"Q1,Q2,Q3,Q4,Q5,Q6,Q7","7","AO3401A-P","","","Package_TO_SOT_SMD:SOT-23","~","C15127"
"Q8,Q9,Q10,Q11,Q12,Q13","6","2N7002","","","Package_TO_SOT_SMD:SOT-23","~","C8545"
"R1","1","100m","","","Resistor_SMD:R_1206_3216Metric","~","C25334"
"R2","1","1","","","Resistor_SMD:R_1206_3216Metric","~","C17928"
"R3","1","10","","","Resistor_SMD:R_1206_3216Metric","~","C17903"
"R4","1","100","","","Resistor_SMD:R_1206_3216Metric","~","C17901"
"R5","1","1k","","","Resistor_SMD:R_1206_3216Metric","~","C4410"
"R6","1","10k","","","Resistor_SMD:R_1206_3216Metric","~","C17902"
"R7,R8,R36","3","22","","","cnhardware:R_0402_1005Metric_COMPACT","~","C25092"
"R9,R16,R17,R18,R19,R20,R21,R22,R23,R24,R25,R26,R27,R28,R29,R30,R31,R35","18","5.1k","","","cnhardware:R_0402_1005Metric_COMPACT","~","C25905"
"R10,R11,R12,R13,R14,R15,R32","7","200k","","","cnhardware:R_0402_1005Metric_COMPACT","~","C25764"
"R33,R34","2","5.1k","","","Resistor_SMD:R_0402_1005Metric","","C105872"
"TP1","1","A3P","","","TestPoint:TestPoint_Pad_D1.5mm","~",""
"TP2,TP5","2","A3N","","","TestPoint:TestPoint_Pad_D1.5mm","~",""
"TP3","1","A4N","","","TestPoint:TestPoint_Pad_D1.5mm","~",""
"TP4","1","A4P","","","TestPoint:TestPoint_Pad_D1.5mm","~",""
"TP6,TP7","2","HOLE","Excluded from BOM","","MountingHole:MountingHole_3.2mm_M3_Pad_Via","~",""
"U1","1","~","","","Package_DFN_QFN:QFN-48-1EP_7x7mm_P0.5mm_EP5.1x5.1mm","","C2667243"
"U2","1","OPA567","","","cnhardware:OPA567-QFN-12","","C2058524"
"U3","1","CH32V305GBU6","","","Package_DFN_QFN:QFN-28-1EP_4x4mm_P0.4mm_EP2.3x2.3mm","","C19100608"
"U4","1","TLV9001IDCK","","","Package_TO_SOT_SMD:SOT-353_SC-70-5","https://www.ti.com/lit/ds/symlink/tlv9001.pdf","C398363"
"U5,U6","2","XC6206P332MR","","","Package_TO_SOT_SMD:SOT-23-3","https://www.torexsemi.com/file/xc6206/XC6206.pdf","C5446"
"U7","1","USBLC6-2P6","","","Package_TO_SOT_SMD:SOT-666","https://www.st.com/resource/en/datasheet/usblc6-2.pdf","C2827654"
"Y1","1","8MHz","","","Crystal:Crystal_SMD_3225-4Pin_3.2x2.5mm","~","C2973805"
