"Reference","Value","Datasheet","Footprint","Qty","DNP"
"A1","front","","art:Front","1",""
"A2","back","","art:Back","1",""
"A3","heart","","art:Heart","1",""
"C1,C2,C3,C4,C5,C6","1u","~","Capacitor_SMD:C_0402_1005Metric","6",""
"D1,D2,D3,D4,D5,D6","XL-1010RGBC-WS2812B","","cnhardware:XL-1010RGBC-WS812B","6",""
"D7","LED","~","LED_SMD:LED_0402_1005Metric","1",""
"J1,J3","~","~","Custom:PinHeader_2x10_P2.54mm_Vertical","2",""
"J2","PGM","~","Custom:PinHeader_1x05_P2.54mm_Vertical","1",""
"J4","USB_C_Receptacle_USB2.0","https://www.usb.org/sites/default/files/documents/usb_type-c.zip","Connector_USB:USB_C_Receptacle_HRO_TYPE-C-31-M-12","1",""
"J5,J6","HOLE","~","MountingHole:MountingHole_2.2mm_M2_DIN965_Pad","2",""
"R1,R2","33","~","Resistor_SMD:R_0402_1005Metric","2",""
"R3,R4,R8","5.1k","~","Resistor_SMD:R_0402_1005Metric","3",""
"R5","1.5k 1%","~","Resistor_SMD:R_0402_1005Metric","1",""
"R6","1.5k","~","Resistor_SMD:R_0402_1005Metric","1",""
"R7","0","~","Resistor_SMD:R_0402_1005Metric","1",""
"SW1","BOOT","~","cnhardware:TS-1187A-B-A-B-TACTILE","1",""
"U1","CH32V003F4U6","","Package_DFN_QFN:QFN-20-1EP_3x3mm_P0.4mm_EP1.65x1.65mm","1",""
"U2","3.3vReg","https://www.onsemi.com/pub/Collateral/NCP115-D.PDF","xdfn_reg:xdfn-reg","1",""
