"Reference","Qty","Value","DNP","Exclude from BOM","Exclude from Board","Footprint","Datasheet","LCSC"
"BT1","1","Battery","","","","Battery:BatteryHolder_Bulgin_BX0123_1xCR123","~","C5290177"
"C1,C2,C3","3","4.7u","","","","Capacitor_SMD:C_0402_1005Metric","~","C368809"
"C4,C5","2","0.1u","","","","Capacitor_SMD:C_0402_1005Metric","~","C307331"
"C6","1","1u","","","","Capacitor_SMD:C_0402_1005Metric","~","C52923"
"C7,C8,C12","3","22μF","","","","Capacitor_SMD:C_0603_1608Metric","~","C59461"
"C9,C10,C11,C13","4","0.1μF","","","","Capacitor_SMD:C_0402_1005Metric","~","C282519"
"C14","1","22pF","","","","Capacitor_SMD:C_0402_1005Metric","~","C1555"
"D1","1","WS2812B","","","","LED_SMD:LED_WS2812B_PLCC4_5.0x5.0mm_P3.2mm","https://cdn-shop.adafruit.com/datasheets/WS2812B.pdf",""
"H1","1","HOLE","","Excluded from BOM","","MountingHole:MountingHole_3.2mm_M3_ISO7380_Pad_TopBottom","~",""
"J1","1","SAO","","","","Connector_PinHeader_2.54mm:PinHeader_2x03_P2.54mm_Vertical_SMD","~",""
"J2","1","USB_C_Receptacle_USB2.0_16P","","","","cnhardware:USB_C_MOD_Receptacle_HRO_TYPE-C-31-M-12","https://www.usb.org/sites/default/files/documents/usb_type-c.zip",""
"L1,L2","2","L","DNP","Excluded from BOM","","Inductor_SMD:L_0402_1005Metric","~",""
"R1","1","R","","","","RF_Antenna:Texas_SWRA117D_2.4GHz_Left","~",""
"R2,R3,R4,R5,R6,R11","6","5.1k","","","","Resistor_SMD:R_0402_1005Metric","~","C25905"
"R7","1","5.1k","DNP","Excluded from BOM","","Resistor_SMD:R_0402_1005Metric","~","C25905"
"R8","1","NP","DNP","Excluded from BOM","","Resistor_SMD:R_0402_1005Metric","~",""
"R9,R10,R12","3","33Ω","","","","Resistor_SMD:R_0603_1608Metric","~","C23140"
"SW2","1","TS-1187A-B-A-B","","","","Button_Switch_SMD:SW_SPST_TL3342","~","C318884"
"TP1","1","INT2","","","","TestPoint:TestPoint_Pad_D1.0mm","~",""
"TP2,TP4,TP5","3","INT1","","","","TestPoint:TestPoint_Pad_D1.0mm","~",""
"TP3","1","SA0","","","","TestPoint:TestPoint_Pad_D1.0mm","~",""
"U1","1","CH572D","","","","Package_DFN_QFN:QFN-20-1EP_3x3mm_P0.4mm_EP1.65x1.65mm","","C46597863"
"U2","1","~","","","","cnhardware:WLCSP-9-P0.5mm","","C5125890"
"U3","1","QMC6309","","","","Package_BGA:WLP-4_0.83x0.83mm_P0.4mm","","C5439871"
"U4","1","USBLC6-2SC6","","","","Package_TO_SOT_SMD:SOT-363_SC-70-6","https://www.st.com/resource/en/datasheet/usblc6-2.pdf",""
"U5","1","~","","","","cnhardware:LGA-14_3x2.5mm_P0.5mm_LayoutBorder3x4y_EVEN_PADS","","C967633"
"U6","1","~","","","","cnhardware:LGA-14_3x2.5mm_P0.5mm_LayoutBorder3x4y_EVEN_PADS","","C3021082"
"Y1","1","32MHz","","","","Crystal:Crystal_SMD_2016-4Pin_2.0x1.6mm","~","C7294697"
